{
  "5": {
    "bic": -25715592.35589169,
    "silhouette": 0.044013574719429016
  },
  "10": {
    "bic": -26037953.11313334,
    "silhouette": 0.042815934866666794
  },
  "15": {
    "bic": -26237475.85352929,
    "silhouette": 0.03981208801269531
  },
  "16": {
    "bic": -26268868.006784257,
    "silhouette": 0.03901618346571922
  },
  "18": {
    "bic": -26313757.04876783,
    "silhouette": 0.03820096328854561
  },
  "20": {
    "bic": -26368788.61211371,
    "silhouette": 0.038714658468961716
  },
  "22": {
    "bic": -26438105.141768184,
    "silhouette": 0.03968019038438797
  },
  "23": {
    "bic": -26456098.42624874,
    "silhouette": 0.04056045413017273
  },
  "25": {
    "bic": -26512067.34896962,
    "silhouette": 0.04087579622864723
  },
  "27": {
    "bic": -26515773.604454167,
    "silhouette": 0.03798728063702583
  },
  "30": {
    "bic": -26567527.229380213,
    "silhouette": 0.03972290828824043
  }
}
